ID,Status,Reason,Score,lc,Period,Depth,ML_score,Hybrid_score,Checks,Explain
"TIC 392047159
""TIC 540038274"",
""TIC 540038274"",
""TIC 135902118"",
""TIC 308472091"",
""TIC 281940623"",
""TIC 439581206"",
""TIC 199340578"",
""TIC 373924059"",
""TIC 219875346"",
""TIC 119284507"",
""TIC 375021884"",
""TIC 202498061"",
""TIC 341082739"",
""TIC 495733120"",
""TIC 237913194"",  
""TIC 172900988"",  
""TIC 4672985"",    
""TIC 46432937""
",No Data,No LC data,0.0,,,,,,,
TIC 458392017,Candidate,Moderate confidence,,"        time                flux        flux_err
                                                
-------------------- ------------------ --------
                 0.0 0.9996310607848089      nan
0.022518765638031693 1.0005945421428168      nan
0.045037531276063386  1.000245339665347      nan
 0.06755629691409508 0.9998567563078747      nan
 0.09007506255212677  1.000090562269711      nan
 0.11259382819015847 0.9999651269604558      nan
 0.13511259382819016 1.0007312870397607      nan
 0.15763135946622187 0.9994748351117869      nan
 0.18015012510425354 0.9999787089961755      nan
 0.20266889074228522 1.0000265454639263      nan
 0.22518765638031693  0.999569173680864      nan
                 ...                ...      ...
  26.774812343619683 0.9989591623987588      nan
  26.797331109257716  0.999012476631033      nan
  26.819849874895745 1.0002307864122166      nan
  26.842368640533778 0.9999497610680318      nan
   26.86488740617181 0.9997568810301429      nan
  26.887406171809843  1.001108209142784      nan
  26.909924937447872 1.0010776266719634      nan
  26.932443703085905 0.9996477645191508      nan
  26.954962468723938 0.9995747608433505      nan
  26.977481234361967   1.00027400665725      nan
                27.0 1.0006951369516701      nan
Length = 1200 rows",2.6783479349186483,0.010262365599411113,0.5,0.79,"{'odd_even': 'consistent', 'odd_even_score': 1.0, 'secondary': 'weak', 'secondary_score': 1.0, 'centroid': 'shifted', 'centroid_score': 0.0, 'depth': 'reasonable', 'depth_score': 1.0, 'rv': 'ok', 'rv_score': 1.0}",ML=0.50; Odd/even=consistent; Secondary=weak; Centroid=shifted; Depth=reasonable. → Overall score=0.79
TIC 120384930,Candidate,Moderate confidence,,"        time                flux        flux_err
                                                
-------------------- ------------------ --------
                 0.0 0.9997141146882159      nan
0.022518765638031693 1.0001700726916745      nan
0.045037531276063386  0.999840339837442      nan
 0.06755629691409508 1.0007692426564028      nan
 0.09007506255212677 1.0000942287966355      nan
 0.11259382819015847 1.0004172207411846      nan
 0.13511259382819016 1.0002219134346408      nan
 0.15763135946622187 1.0006137291312844      nan
 0.18015012510425354 1.0004958958357593      nan
 0.20266889074228522 0.9998234256030942      nan
 0.22518765638031693  0.999401963274191      nan
                 ...                ...      ...
  26.774812343619683 1.0001242393872007      nan
  26.797331109257716 0.9993641286261286      nan
  26.819849874895745 1.0001000786247678      nan
  26.842368640533778  1.000749873087577      nan
   26.86488740617181 1.0003768060344365      nan
  26.887406171809843  1.000186289163829      nan
  26.909924937447872 0.9992889144149985      nan
  26.932443703085905 0.9996760054261388      nan
  26.954962468723938 0.9998929454010453      nan
  26.977481234361967 0.9999343591212866      nan
                27.0 1.0003941509271608      nan
Length = 1200 rows",6.739674593241552,0.010108262760933498,0.5,0.75,"{'odd_even': 'consistent', 'odd_even_score': 1.0, 'secondary': 'weak', 'secondary_score': 1.0, 'centroid': 'ok', 'centroid_score': 1.0, 'depth': 'reasonable', 'depth_score': 1.0, 'rv': 'ok', 'rv_score': 1.0}",ML=0.50; Odd/even=consistent; Secondary=weak; Centroid=ok; Depth=reasonable. → Overall score=0.75
