ID,Status,Period,Depth,ML_score,Hybrid_score,Checks,Reason,Explain,lc
TIC 276593842,Likely False Positive,2.235294117647059,0.00025317879217963933,0.5,0.52,"{'odd_even': 'consistent', 'odd_even_score': 1.0, 'secondary': 'strong', 'secondary_score': 0.0, 'centroid': 'ok', 'centroid_score': 1.0, 'depth': 'reasonable', 'depth_score': 1.0, 'rv': 'ok', 'rv_score': 1.0}",Low confidence,ML=0.50; Odd/even=consistent; Secondary=strong; Centroid=ok; Depth=reasonable. → Overall score=0.52,"        time                flux        flux_err
                                                
-------------------- ------------------ --------
                 0.0 1.0002952636860651      nan
0.022518765638031693 1.0002125334214065      nan
0.045037531276063386 0.9996164689205199      nan
 0.06755629691409508 1.0003813721522834      nan
 0.09007506255212677 0.9991847914014509      nan
 0.11259382819015847  1.000710828896822      nan
 0.13511259382819016 0.9999440055442274      nan
 0.15763135946622187 0.9998238403413966      nan
 0.18015012510425354 1.0002864343013766      nan
 0.20266889074228522 0.9997338372232601      nan
 0.22518765638031693 1.0005106850940375      nan
                 ...                ...      ...
  26.774812343619683 0.9995168842511781      nan
  26.797331109257716 0.9994761325265269      nan
  26.819849874895745 0.9997689005348782      nan
  26.842368640533778 1.0008821407972859      nan
   26.86488740617181  0.998886337032076      nan
  26.887406171809843 1.0004620876262662      nan
  26.909924937447872 1.0006703281758285      nan
  26.932443703085905 1.0004019787072407      nan
  26.954962468723938 1.0002538716103655      nan
  26.977481234361967  0.999727101598047      nan
                27.0  0.999863007263575      nan
Length = 1200 rows"
